city,city_code,town,town_code,unit,vote_class,electors,turnout,source_file
광주광역시,2900,동구,2901,충장동,관내사전투표,886,886,data/nec_2026_official_html/2900_2901_동구.html
광주광역시,2900,동구,2901,동명동,관내사전투표,676,676,data/nec_2026_official_html/2900_2901_동구.html
광주광역시,2900,동구,2901,계림1동,관내사전투표,1555,1555,data/nec_2026_official_html/2900_2901_동구.html
광주광역시,2900,동구,2901,계림2동,관내사전투표,2713,2713,data/nec_2026_official_html/2900_2901_동구.html
광주광역시,2900,동구,2901,산수1동,관내사전투표,1496,1496,data/nec_2026_official_html/2900_2901_동구.html
광주광역시,2900,동구,2901,산수2동,관내사전투표,1815,1815,data/nec_2026_official_html/2900_2901_동구.html
광주광역시,2900,동구,2901,지산1동,관내사전투표,779,779,data/nec_2026_official_html/2900_2901_동구.html
광주광역시,2900,동구,2901,지산2동,관내사전투표,751,749,data/nec_2026_official_html/2900_2901_동구.html
광주광역시,2900,동구,2901,서남동,관내사전투표,732,732,data/nec_2026_official_html/2900_2901_동구.html
광주광역시,2900,동구,2901,학동,관내사전투표,1537,1537,data/nec_2026_official_html/2900_2901_동구.html
광주광역시,2900,동구,2901,학운동,관내사전투표,2876,2874,data/nec_2026_official_html/2900_2901_동구.html
광주광역시,2900,동구,2901,지원1동,관내사전투표,2148,2148,data/nec_2026_official_html/2900_2901_동구.html
광주광역시,2900,동구,2901,지원2동,관내사전투표,2693,2692,data/nec_2026_official_html/2900_2901_동구.html
광주광역시,2900,서구,2902,양동,관내사전투표,753,753,data/nec_2026_official_html/2900_2902_서구.html
광주광역시,2900,서구,2902,양3동,관내사전투표,998,998,data/nec_2026_official_html/2900_2902_서구.html
광주광역시,2900,서구,2902,농성1동,관내사전투표,1871,1870,data/nec_2026_official_html/2900_2902_서구.html
광주광역시,2900,서구,2902,농성2동,관내사전투표,898,898,data/nec_2026_official_html/2900_2902_서구.html
광주광역시,2900,서구,2902,광천동,관내사전투표,986,986,data/nec_2026_official_html/2900_2902_서구.html
광주광역시,2900,서구,2902,유덕동,관내사전투표,1261,1260,data/nec_2026_official_html/2900_2902_서구.html
광주광역시,2900,서구,2902,치평동,관내사전투표,4210,4206,data/nec_2026_official_html/2900_2902_서구.html
광주광역시,2900,서구,2902,상무1동,관내사전투표,3846,3846,data/nec_2026_official_html/2900_2902_서구.html
광주광역시,2900,서구,2902,상무2동,관내사전투표,3044,3042,data/nec_2026_official_html/2900_2902_서구.html
광주광역시,2900,서구,2902,화정1동,관내사전투표,2123,2122,data/nec_2026_official_html/2900_2902_서구.html
광주광역시,2900,서구,2902,화정2동,관내사전투표,3397,3390,data/nec_2026_official_html/2900_2902_서구.html
광주광역시,2900,서구,2902,화정3동,관내사전투표,948,948,data/nec_2026_official_html/2900_2902_서구.html
광주광역시,2900,서구,2902,화정4동,관내사전투표,3433,3432,data/nec_2026_official_html/2900_2902_서구.html
광주광역시,2900,서구,2902,서창동,관내사전투표,581,581,data/nec_2026_official_html/2900_2902_서구.html
광주광역시,2900,서구,2902,금호1동,관내사전투표,3584,3580,data/nec_2026_official_html/2900_2902_서구.html
광주광역시,2900,서구,2902,금호2동,관내사전투표,5408,5406,data/nec_2026_official_html/2900_2902_서구.html
광주광역시,2900,서구,2902,풍암동,관내사전투표,5928,5928,data/nec_2026_official_html/2900_2902_서구.html
광주광역시,2900,서구,2902,동천동,관내사전투표,3130,3130,data/nec_2026_official_html/2900_2902_서구.html
광주광역시,2900,남구,2903,양림동,관내사전투표,1612,1612,data/nec_2026_official_html/2900_2903_남구.html
광주광역시,2900,남구,2903,방림1동,관내사전투표,1399,1399,data/nec_2026_official_html/2900_2903_남구.html
광주광역시,2900,남구,2903,방림2동,관내사전투표,1336,1334,data/nec_2026_official_html/2900_2903_남구.html
광주광역시,2900,남구,2903,봉선1동,관내사전투표,2782,2782,data/nec_2026_official_html/2900_2903_남구.html
광주광역시,2900,남구,2903,봉선2동,관내사전투표,4193,4191,data/nec_2026_official_html/2900_2903_남구.html
광주광역시,2900,남구,2903,사직동,관내사전투표,786,785,data/nec_2026_official_html/2900_2903_남구.html
광주광역시,2900,남구,2903,월산동,관내사전투표,1491,1491,data/nec_2026_official_html/2900_2903_남구.html
광주광역시,2900,남구,2903,월산4동,관내사전투표,1458,1457,data/nec_2026_official_html/2900_2903_남구.html
광주광역시,2900,남구,2903,월산5동,관내사전투표,1378,1378,data/nec_2026_official_html/2900_2903_남구.html
광주광역시,2900,남구,2903,백운1동,관내사전투표,2378,2377,data/nec_2026_official_html/2900_2903_남구.html
광주광역시,2900,남구,2903,백운2동,관내사전투표,1035,1033,data/nec_2026_official_html/2900_2903_남구.html
광주광역시,2900,남구,2903,주월1동,관내사전투표,3188,3188,data/nec_2026_official_html/2900_2903_남구.html
광주광역시,2900,남구,2903,주월2동,관내사전투표,1542,1542,data/nec_2026_official_html/2900_2903_남구.html
광주광역시,2900,남구,2903,진월동,관내사전투표,4431,4430,data/nec_2026_official_html/2900_2903_남구.html
광주광역시,2900,남구,2903,효덕동,관내사전투표,2909,2909,data/nec_2026_official_html/2900_2903_남구.html
광주광역시,2900,남구,2903,송암동,관내사전투표,1961,1961,data/nec_2026_official_html/2900_2903_남구.html
광주광역시,2900,남구,2903,대촌동,관내사전투표,1708,1708,data/nec_2026_official_html/2900_2903_남구.html
광주광역시,2900,북구,2904,중흥1동,관내사전투표,761,759,data/nec_2026_official_html/2900_2904_북구.html
광주광역시,2900,북구,2904,중흥동,관내사전투표,2365,2364,data/nec_2026_official_html/2900_2904_북구.html
광주광역시,2900,북구,2904,중앙동,관내사전투표,852,852,data/nec_2026_official_html/2900_2904_북구.html
광주광역시,2900,북구,2904,임동,관내사전투표,1912,1912,data/nec_2026_official_html/2900_2904_북구.html
광주광역시,2900,북구,2904,신안동,관내사전투표,1805,1804,data/nec_2026_official_html/2900_2904_북구.html
광주광역시,2900,북구,2904,용봉동,관내사전투표,3083,3083,data/nec_2026_official_html/2900_2904_북구.html
광주광역시,2900,북구,2904,운암1동,관내사전투표,3440,3439,data/nec_2026_official_html/2900_2904_북구.html
광주광역시,2900,북구,2904,운암2동,관내사전투표,2231,2230,data/nec_2026_official_html/2900_2904_북구.html
광주광역시,2900,북구,2904,운암3동,관내사전투표,3618,3618,data/nec_2026_official_html/2900_2904_북구.html
광주광역시,2900,북구,2904,동림동,관내사전투표,2755,2755,data/nec_2026_official_html/2900_2904_북구.html
광주광역시,2900,북구,2904,우산동,관내사전투표,2211,2210,data/nec_2026_official_html/2900_2904_북구.html
광주광역시,2900,북구,2904,풍향동,관내사전투표,868,868,data/nec_2026_official_html/2900_2904_북구.html
광주광역시,2900,북구,2904,문화동,관내사전투표,3482,3482,data/nec_2026_official_html/2900_2904_북구.html
광주광역시,2900,북구,2904,문흥1동,관내사전투표,3268,3267,data/nec_2026_official_html/2900_2904_북구.html
광주광역시,2900,북구,2904,문흥2동,관내사전투표,2905,2905,data/nec_2026_official_html/2900_2904_북구.html
광주광역시,2900,북구,2904,두암1동,관내사전투표,1476,1476,data/nec_2026_official_html/2900_2904_북구.html
광주광역시,2900,북구,2904,두암2동,관내사전투표,2729,2727,data/nec_2026_official_html/2900_2904_북구.html
광주광역시,2900,북구,2904,두암3동,관내사전투표,2796,2795,data/nec_2026_official_html/2900_2904_북구.html
광주광역시,2900,북구,2904,삼각동,관내사전투표,2293,2292,data/nec_2026_official_html/2900_2904_북구.html
광주광역시,2900,북구,2904,일곡동,관내사전투표,5203,5202,data/nec_2026_official_html/2900_2904_북구.html
광주광역시,2900,북구,2904,매곡동,관내사전투표,3920,3920,data/nec_2026_official_html/2900_2904_북구.html
광주광역시,2900,북구,2904,오치1동,관내사전투표,1522,1522,data/nec_2026_official_html/2900_2904_북구.html
광주광역시,2900,북구,2904,오치2동,관내사전투표,2408,2408,data/nec_2026_official_html/2900_2904_북구.html
광주광역시,2900,북구,2904,석곡동,관내사전투표,586,586,data/nec_2026_official_html/2900_2904_북구.html
광주광역시,2900,북구,2904,건국동,관내사전투표,3381,3378,data/nec_2026_official_html/2900_2904_북구.html
광주광역시,2900,북구,2904,양산동,관내사전투표,5152,5151,data/nec_2026_official_html/2900_2904_북구.html
광주광역시,2900,북구,2904,신용동,관내사전투표,4008,4008,data/nec_2026_official_html/2900_2904_북구.html
광주광역시,2900,광산구,2905,송정1동,관내사전투표,1764,1764,data/nec_2026_official_html/2900_2905_광산구.html
광주광역시,2900,광산구,2905,송정2동,관내사전투표,1124,1124,data/nec_2026_official_html/2900_2905_광산구.html
광주광역시,2900,광산구,2905,도산동,관내사전투표,2970,2970,data/nec_2026_official_html/2900_2905_광산구.html
광주광역시,2900,광산구,2905,신흥동,관내사전투표,722,722,data/nec_2026_official_html/2900_2905_광산구.html
광주광역시,2900,광산구,2905,어룡동,관내사전투표,4734,4733,data/nec_2026_official_html/2900_2905_광산구.html
광주광역시,2900,광산구,2905,우산동,관내사전투표,3483,3483,data/nec_2026_official_html/2900_2905_광산구.html
광주광역시,2900,광산구,2905,월곡1동,관내사전투표,1707,1707,data/nec_2026_official_html/2900_2905_광산구.html
광주광역시,2900,광산구,2905,월곡2동,관내사전투표,2318,2317,data/nec_2026_official_html/2900_2905_광산구.html
광주광역시,2900,광산구,2905,비아동,관내사전투표,1235,1234,data/nec_2026_official_html/2900_2905_광산구.html
광주광역시,2900,광산구,2905,첨단1동,관내사전투표,4791,4790,data/nec_2026_official_html/2900_2905_광산구.html
광주광역시,2900,광산구,2905,첨단2동,관내사전투표,4000,3999,data/nec_2026_official_html/2900_2905_광산구.html
광주광역시,2900,광산구,2905,신가동,관내사전투표,2260,2259,data/nec_2026_official_html/2900_2905_광산구.html
광주광역시,2900,광산구,2905,운남동,관내사전투표,4576,4575,data/nec_2026_official_html/2900_2905_광산구.html
광주광역시,2900,광산구,2905,신창동,관내사전투표,5002,5001,data/nec_2026_official_html/2900_2905_광산구.html
광주광역시,2900,광산구,2905,수완동,관내사전투표,6733,6731,data/nec_2026_official_html/2900_2905_광산구.html
광주광역시,2900,광산구,2905,하남동,관내사전투표,3929,3929,data/nec_2026_official_html/2900_2905_광산구.html
광주광역시,2900,광산구,2905,임곡동,관내사전투표,534,534,data/nec_2026_official_html/2900_2905_광산구.html
광주광역시,2900,광산구,2905,동곡동,관내사전투표,445,445,data/nec_2026_official_html/2900_2905_광산구.html
광주광역시,2900,광산구,2905,평동,관내사전투표,1345,1345,data/nec_2026_official_html/2900_2905_광산구.html
광주광역시,2900,광산구,2905,삼도동,관내사전투표,515,515,data/nec_2026_official_html/2900_2905_광산구.html
광주광역시,2900,광산구,2905,본량동,관내사전투표,418,418,data/nec_2026_official_html/2900_2905_광산구.html
전라남도,4600,목포시,4601,용당1동,관내사전투표,1924,1923,data/nec_2026_official_html/4600_4601_목포시.html
전라남도,4600,목포시,4601,용당2동,관내사전투표,1157,1157,data/nec_2026_official_html/4600_4601_목포시.html
전라남도,4600,목포시,4601,연동,관내사전투표,802,802,data/nec_2026_official_html/4600_4601_목포시.html
전라남도,4600,목포시,4601,산정동,관내사전투표,1562,1561,data/nec_2026_official_html/4600_4601_목포시.html
전라남도,4600,목포시,4601,연산동,관내사전투표,1352,1352,data/nec_2026_official_html/4600_4601_목포시.html
전라남도,4600,목포시,4601,원산동,관내사전투표,2222,2222,data/nec_2026_official_html/4600_4601_목포시.html
전라남도,4600,목포시,4601,대성동,관내사전투표,1257,1257,data/nec_2026_official_html/4600_4601_목포시.html
전라남도,4600,목포시,4601,목원동,관내사전투표,1391,1391,data/nec_2026_official_html/4600_4601_목포시.html
전라남도,4600,목포시,4601,동명동,관내사전투표,1162,1161,data/nec_2026_official_html/4600_4601_목포시.html
전라남도,4600,목포시,4601,삼학동,관내사전투표,1354,1354,data/nec_2026_official_html/4600_4601_목포시.html
전라남도,4600,목포시,4601,만호동,관내사전투표,579,579,data/nec_2026_official_html/4600_4601_목포시.html
전라남도,4600,목포시,4601,유달동,관내사전투표,1048,1048,data/nec_2026_official_html/4600_4601_목포시.html
전라남도,4600,목포시,4601,죽교동,관내사전투표,736,735,data/nec_2026_official_html/4600_4601_목포시.html
전라남도,4600,목포시,4601,북항동,관내사전투표,2135,2135,data/nec_2026_official_html/4600_4601_목포시.html
전라남도,4600,목포시,4601,용해동,관내사전투표,3203,3201,data/nec_2026_official_html/4600_4601_목포시.html
전라남도,4600,목포시,4601,이로동,관내사전투표,2027,2027,data/nec_2026_official_html/4600_4601_목포시.html
전라남도,4600,목포시,4601,상동,관내사전투표,3125,3125,data/nec_2026_official_html/4600_4601_목포시.html
전라남도,4600,목포시,4601,하당동,관내사전투표,1786,1786,data/nec_2026_official_html/4600_4601_목포시.html
전라남도,4600,목포시,4601,신흥동,관내사전투표,2506,2503,data/nec_2026_official_html/4600_4601_목포시.html
전라남도,4600,목포시,4601,삼향동,관내사전투표,1525,1525,data/nec_2026_official_html/4600_4601_목포시.html
전라남도,4600,목포시,4601,옥암동,관내사전투표,2433,2433,data/nec_2026_official_html/4600_4601_목포시.html
전라남도,4600,목포시,4601,부흥동,관내사전투표,2171,2171,data/nec_2026_official_html/4600_4601_목포시.html
전라남도,4600,목포시,4601,부주동,관내사전투표,3397,3396,data/nec_2026_official_html/4600_4601_목포시.html
전라남도,4600,여수시,4602,돌산읍,관내사전투표,1291,1291,data/nec_2026_official_html/4600_4602_여수시.html
전라남도,4600,여수시,4602,소라면,관내사전투표,2775,2775,data/nec_2026_official_html/4600_4602_여수시.html
전라남도,4600,여수시,4602,율촌면,관내사전투표,1457,1457,data/nec_2026_official_html/4600_4602_여수시.html
전라남도,4600,여수시,4602,화양면,관내사전투표,1556,1555,data/nec_2026_official_html/4600_4602_여수시.html
전라남도,4600,여수시,4602,남면,관내사전투표,480,480,data/nec_2026_official_html/4600_4602_여수시.html
전라남도,4600,여수시,4602,화정면,관내사전투표,149,149,data/nec_2026_official_html/4600_4602_여수시.html
전라남도,4600,여수시,4602,삼산면,관내사전투표,351,351,data/nec_2026_official_html/4600_4602_여수시.html
전라남도,4600,여수시,4602,동문동,관내사전투표,963,963,data/nec_2026_official_html/4600_4602_여수시.html
전라남도,4600,여수시,4602,한려동,관내사전투표,825,825,data/nec_2026_official_html/4600_4602_여수시.html
전라남도,4600,여수시,4602,중앙동,관내사전투표,833,833,data/nec_2026_official_html/4600_4602_여수시.html
전라남도,4600,여수시,4602,충무동,관내사전투표,618,618,data/nec_2026_official_html/4600_4602_여수시.html
전라남도,4600,여수시,4602,광림동,관내사전투표,946,946,data/nec_2026_official_html/4600_4602_여수시.html
전라남도,4600,여수시,4602,서강동,관내사전투표,730,730,data/nec_2026_official_html/4600_4602_여수시.html
전라남도,4600,여수시,4602,대교동,관내사전투표,1064,1063,data/nec_2026_official_html/4600_4602_여수시.html
전라남도,4600,여수시,4602,국동,관내사전투표,2371,2370,data/nec_2026_official_html/4600_4602_여수시.html
전라남도,4600,여수시,4602,월호동,관내사전투표,1526,1526,data/nec_2026_official_html/4600_4602_여수시.html
전라남도,4600,여수시,4602,여서동,관내사전투표,2421,2421,data/nec_2026_official_html/4600_4602_여수시.html
전라남도,4600,여수시,4602,문수동,관내사전투표,2941,2941,data/nec_2026_official_html/4600_4602_여수시.html
전라남도,4600,여수시,4602,미평동,관내사전투표,2567,2567,data/nec_2026_official_html/4600_4602_여수시.html
전라남도,4600,여수시,4602,둔덕동,관내사전투표,1817,1817,data/nec_2026_official_html/4600_4602_여수시.html
전라남도,4600,여수시,4602,만덕동,관내사전투표,1750,1749,data/nec_2026_official_html/4600_4602_여수시.html
전라남도,4600,여수시,4602,쌍봉동,관내사전투표,4180,4179,data/nec_2026_official_html/4600_4602_여수시.html
전라남도,4600,여수시,4602,시전동,관내사전투표,4669,4667,data/nec_2026_official_html/4600_4602_여수시.html
전라남도,4600,여수시,4602,여천동,관내사전투표,2811,2810,data/nec_2026_official_html/4600_4602_여수시.html
전라남도,4600,여수시,4602,주삼동,관내사전투표,1034,1034,data/nec_2026_official_html/4600_4602_여수시.html
전라남도,4600,여수시,4602,삼일동,관내사전투표,587,587,data/nec_2026_official_html/4600_4602_여수시.html
전라남도,4600,여수시,4602,묘도동,관내사전투표,314,314,data/nec_2026_official_html/4600_4602_여수시.html
전라남도,4600,순천시,4604,승주읍,관내사전투표,729,728,data/nec_2026_official_html/4600_4604_순천시.html
전라남도,4600,순천시,4604,주암면,관내사전투표,763,762,data/nec_2026_official_html/4600_4604_순천시.html
전라남도,4600,순천시,4604,송광면,관내사전투표,410,410,data/nec_2026_official_html/4600_4604_순천시.html
전라남도,4600,순천시,4604,외서면,관내사전투표,306,306,data/nec_2026_official_html/4600_4604_순천시.html
전라남도,4600,순천시,4604,낙안면,관내사전투표,999,999,data/nec_2026_official_html/4600_4604_순천시.html
전라남도,4600,순천시,4604,별량면,관내사전투표,1445,1445,data/nec_2026_official_html/4600_4604_순천시.html
전라남도,4600,순천시,4604,상사면,관내사전투표,720,720,data/nec_2026_official_html/4600_4604_순천시.html
전라남도,4600,순천시,4604,해룡면,관내사전투표,6826,6825,data/nec_2026_official_html/4600_4604_순천시.html
전라남도,4600,순천시,4604,서면,관내사전투표,2210,2210,data/nec_2026_official_html/4600_4604_순천시.html
전라남도,4600,순천시,4604,황전면,관내사전투표,1076,1076,data/nec_2026_official_html/4600_4604_순천시.html
전라남도,4600,순천시,4604,월등면,관내사전투표,477,477,data/nec_2026_official_html/4600_4604_순천시.html
전라남도,4600,순천시,4604,향동,관내사전투표,1115,1115,data/nec_2026_official_html/4600_4604_순천시.html
전라남도,4600,순천시,4604,매곡동,관내사전투표,1706,1706,data/nec_2026_official_html/4600_4604_순천시.html
전라남도,4600,순천시,4604,삼산동,관내사전투표,5162,5158,data/nec_2026_official_html/4600_4604_순천시.html
전라남도,4600,순천시,4604,조곡동,관내사전투표,1325,1325,data/nec_2026_official_html/4600_4604_순천시.html
전라남도,4600,순천시,4604,덕연동,관내사전투표,5296,5294,data/nec_2026_official_html/4600_4604_순천시.html
전라남도,4600,순천시,4604,풍덕동,관내사전투표,1852,1852,data/nec_2026_official_html/4600_4604_순천시.html
전라남도,4600,순천시,4604,남제동,관내사전투표,1600,1599,data/nec_2026_official_html/4600_4604_순천시.html
전라남도,4600,순천시,4604,저전동,관내사전투표,892,892,data/nec_2026_official_html/4600_4604_순천시.html
전라남도,4600,순천시,4604,장천동,관내사전투표,453,453,data/nec_2026_official_html/4600_4604_순천시.html
전라남도,4600,순천시,4604,중앙동,관내사전투표,963,963,data/nec_2026_official_html/4600_4604_순천시.html
전라남도,4600,순천시,4604,도사동,관내사전투표,3413,3411,data/nec_2026_official_html/4600_4604_순천시.html
전라남도,4600,순천시,4604,왕조1동,관내사전투표,6508,6505,data/nec_2026_official_html/4600_4604_순천시.html
전라남도,4600,순천시,4604,왕조2동,관내사전투표,4043,4041,data/nec_2026_official_html/4600_4604_순천시.html
전라남도,4600,나주시,4606,남평읍,관내사전투표,3010,3009,data/nec_2026_official_html/4600_4606_나주시.html
전라남도,4600,나주시,4606,세지면,관내사전투표,875,875,data/nec_2026_official_html/4600_4606_나주시.html
전라남도,4600,나주시,4606,왕곡면,관내사전투표,768,767,data/nec_2026_official_html/4600_4606_나주시.html
전라남도,4600,나주시,4606,반남면,관내사전투표,433,433,data/nec_2026_official_html/4600_4606_나주시.html
전라남도,4600,나주시,4606,공산면,관내사전투표,727,727,data/nec_2026_official_html/4600_4606_나주시.html
전라남도,4600,나주시,4606,동강면,관내사전투표,712,712,data/nec_2026_official_html/4600_4606_나주시.html
전라남도,4600,나주시,4606,다시면,관내사전투표,1423,1423,data/nec_2026_official_html/4600_4606_나주시.html
전라남도,4600,나주시,4606,문평면,관내사전투표,549,549,data/nec_2026_official_html/4600_4606_나주시.html
전라남도,4600,나주시,4606,노안면,관내사전투표,1082,1082,data/nec_2026_official_html/4600_4606_나주시.html
전라남도,4600,나주시,4606,금천면,관내사전투표,1526,1525,data/nec_2026_official_html/4600_4606_나주시.html
전라남도,4600,나주시,4606,산포면,관내사전투표,886,886,data/nec_2026_official_html/4600_4606_나주시.html
전라남도,4600,나주시,4606,다도면,관내사전투표,659,659,data/nec_2026_official_html/4600_4606_나주시.html
전라남도,4600,나주시,4606,봉황면,관내사전투표,974,974,data/nec_2026_official_html/4600_4606_나주시.html
전라남도,4600,나주시,4606,송월동,관내사전투표,1903,1903,data/nec_2026_official_html/4600_4606_나주시.html
전라남도,4600,나주시,4606,영강동,관내사전투표,718,718,data/nec_2026_official_html/4600_4606_나주시.html
전라남도,4600,나주시,4606,금남동,관내사전투표,1013,1013,data/nec_2026_official_html/4600_4606_나주시.html
전라남도,4600,나주시,4606,성북동,관내사전투표,2260,2259,data/nec_2026_official_html/4600_4606_나주시.html
전라남도,4600,나주시,4606,영산동,관내사전투표,768,768,data/nec_2026_official_html/4600_4606_나주시.html
전라남도,4600,나주시,4606,이창동,관내사전투표,875,874,data/nec_2026_official_html/4600_4606_나주시.html
전라남도,4600,나주시,4606,빛가람동,관내사전투표,5678,5678,data/nec_2026_official_html/4600_4606_나주시.html
전라남도,4600,광양시,4607,광양읍,관내사전투표,8353,8352,data/nec_2026_official_html/4600_4607_광양시.html
전라남도,4600,광양시,4607,봉강면,관내사전투표,538,538,data/nec_2026_official_html/4600_4607_광양시.html
전라남도,4600,광양시,4607,옥룡면,관내사전투표,1041,1038,data/nec_2026_official_html/4600_4607_광양시.html
전라남도,4600,광양시,4607,옥곡면,관내사전투표,1094,1094,data/nec_2026_official_html/4600_4607_광양시.html
전라남도,4600,광양시,4607,진상면,관내사전투표,835,834,data/nec_2026_official_html/4600_4607_광양시.html
전라남도,4600,광양시,4607,진월면,관내사전투표,668,668,data/nec_2026_official_html/4600_4607_광양시.html
전라남도,4600,광양시,4607,다압면,관내사전투표,515,515,data/nec_2026_official_html/4600_4607_광양시.html
전라남도,4600,광양시,4607,골약동,관내사전투표,2416,2416,data/nec_2026_official_html/4600_4607_광양시.html
전라남도,4600,광양시,4607,중마동,관내사전투표,9199,9199,data/nec_2026_official_html/4600_4607_광양시.html
전라남도,4600,광양시,4607,광영동,관내사전투표,2386,2386,data/nec_2026_official_html/4600_4607_광양시.html
전라남도,4600,광양시,4607,태인동,관내사전투표,505,505,data/nec_2026_official_html/4600_4607_광양시.html
전라남도,4600,광양시,4607,금호동,관내사전투표,2260,2260,data/nec_2026_official_html/4600_4607_광양시.html
전라남도,4600,담양군,4608,담양읍,관내사전투표,4537,4536,data/nec_2026_official_html/4600_4608_담양군.html
전라남도,4600,담양군,4608,봉산면,관내사전투표,931,931,data/nec_2026_official_html/4600_4608_담양군.html
전라남도,4600,담양군,4608,고서면,관내사전투표,1222,1222,data/nec_2026_official_html/4600_4608_담양군.html
전라남도,4600,담양군,4608,가사문학면,관내사전투표,497,497,data/nec_2026_official_html/4600_4608_담양군.html
전라남도,4600,담양군,4608,창평면,관내사전투표,1410,1409,data/nec_2026_official_html/4600_4608_담양군.html
전라남도,4600,담양군,4608,대덕면,관내사전투표,644,644,data/nec_2026_official_html/4600_4608_담양군.html
전라남도,4600,담양군,4608,무정면,관내사전투표,763,763,data/nec_2026_official_html/4600_4608_담양군.html
전라남도,4600,담양군,4608,금성면,관내사전투표,906,906,data/nec_2026_official_html/4600_4608_담양군.html
전라남도,4600,담양군,4608,용면,관내사전투표,653,653,data/nec_2026_official_html/4600_4608_담양군.html
전라남도,4600,담양군,4608,월산면,관내사전투표,885,885,data/nec_2026_official_html/4600_4608_담양군.html
전라남도,4600,담양군,4608,수북면,관내사전투표,1674,1674,data/nec_2026_official_html/4600_4608_담양군.html
전라남도,4600,담양군,4608,대전면,관내사전투표,1294,1292,data/nec_2026_official_html/4600_4608_담양군.html
전라남도,4600,장성군,4609,장성읍,관내사전투표,4511,4510,data/nec_2026_official_html/4600_4609_장성군.html
전라남도,4600,장성군,4609,진원면,관내사전투표,815,815,data/nec_2026_official_html/4600_4609_장성군.html
전라남도,4600,장성군,4609,남면,관내사전투표,1029,1029,data/nec_2026_official_html/4600_4609_장성군.html
전라남도,4600,장성군,4609,동화면,관내사전투표,505,505,data/nec_2026_official_html/4600_4609_장성군.html
전라남도,4600,장성군,4609,삼서면,관내사전투표,964,964,data/nec_2026_official_html/4600_4609_장성군.html
전라남도,4600,장성군,4609,삼계면,관내사전투표,1420,1419,data/nec_2026_official_html/4600_4609_장성군.html
전라남도,4600,장성군,4609,황룡면,관내사전투표,1012,1011,data/nec_2026_official_html/4600_4609_장성군.html
전라남도,4600,장성군,4609,서삼면,관내사전투표,437,437,data/nec_2026_official_html/4600_4609_장성군.html
전라남도,4600,장성군,4609,북일면,관내사전투표,494,494,data/nec_2026_official_html/4600_4609_장성군.html
전라남도,4600,장성군,4609,북이면,관내사전투표,1025,1025,data/nec_2026_official_html/4600_4609_장성군.html
전라남도,4600,장성군,4609,북하면,관내사전투표,775,775,data/nec_2026_official_html/4600_4609_장성군.html
전라남도,4600,곡성군,4610,곡성읍,관내사전투표,2824,2821,data/nec_2026_official_html/4600_4610_곡성군.html
전라남도,4600,곡성군,4610,오곡면,관내사전투표,657,657,data/nec_2026_official_html/4600_4610_곡성군.html
전라남도,4600,곡성군,4610,삼기면,관내사전투표,609,608,data/nec_2026_official_html/4600_4610_곡성군.html
전라남도,4600,곡성군,4610,석곡면,관내사전투표,912,912,data/nec_2026_official_html/4600_4610_곡성군.html
전라남도,4600,곡성군,4610,목사동면,관내사전투표,511,511,data/nec_2026_official_html/4600_4610_곡성군.html
전라남도,4600,곡성군,4610,죽곡면,관내사전투표,736,736,data/nec_2026_official_html/4600_4610_곡성군.html
전라남도,4600,곡성군,4610,고달면,관내사전투표,351,351,data/nec_2026_official_html/4600_4610_곡성군.html
전라남도,4600,곡성군,4610,옥과면,관내사전투표,1618,1618,data/nec_2026_official_html/4600_4610_곡성군.html
전라남도,4600,곡성군,4610,입면,관내사전투표,841,841,data/nec_2026_official_html/4600_4610_곡성군.html
전라남도,4600,곡성군,4610,겸면,관내사전투표,556,556,data/nec_2026_official_html/4600_4610_곡성군.html
전라남도,4600,곡성군,4610,오산면,관내사전투표,475,475,data/nec_2026_official_html/4600_4610_곡성군.html
전라남도,4600,구례군,4611,구례읍,관내사전투표,3103,3102,data/nec_2026_official_html/4600_4611_구례군.html
전라남도,4600,구례군,4611,문척면,관내사전투표,691,691,data/nec_2026_official_html/4600_4611_구례군.html
전라남도,4600,구례군,4611,간전면,관내사전투표,603,602,data/nec_2026_official_html/4600_4611_구례군.html
전라남도,4600,구례군,4611,토지면,관내사전투표,866,866,data/nec_2026_official_html/4600_4611_구례군.html
전라남도,4600,구례군,4611,마산면,관내사전투표,976,975,data/nec_2026_official_html/4600_4611_구례군.html
전라남도,4600,구례군,4611,광의면,관내사전투표,760,760,data/nec_2026_official_html/4600_4611_구례군.html
전라남도,4600,구례군,4611,용방면,관내사전투표,494,494,data/nec_2026_official_html/4600_4611_구례군.html
전라남도,4600,구례군,4611,산동면,관내사전투표,881,881,data/nec_2026_official_html/4600_4611_구례군.html
전라남도,4600,고흥군,4612,고흥읍,관내사전투표,3554,3553,data/nec_2026_official_html/4600_4612_고흥군.html
전라남도,4600,고흥군,4612,도양읍,관내사전투표,3556,3555,data/nec_2026_official_html/4600_4612_고흥군.html
전라남도,4600,고흥군,4612,풍양면,관내사전투표,1155,1155,data/nec_2026_official_html/4600_4612_고흥군.html
전라남도,4600,고흥군,4612,도덕면,관내사전투표,1090,1090,data/nec_2026_official_html/4600_4612_고흥군.html
전라남도,4600,고흥군,4612,금산면,관내사전투표,1828,1827,data/nec_2026_official_html/4600_4612_고흥군.html
전라남도,4600,고흥군,4612,도화면,관내사전투표,1768,1768,data/nec_2026_official_html/4600_4612_고흥군.html
전라남도,4600,고흥군,4612,포두면,관내사전투표,1508,1508,data/nec_2026_official_html/4600_4612_고흥군.html
전라남도,4600,고흥군,4612,봉래면,관내사전투표,807,807,data/nec_2026_official_html/4600_4612_고흥군.html
전라남도,4600,고흥군,4612,동일면,관내사전투표,706,706,data/nec_2026_official_html/4600_4612_고흥군.html
전라남도,4600,고흥군,4612,점암면,관내사전투표,874,874,data/nec_2026_official_html/4600_4612_고흥군.html
전라남도,4600,고흥군,4612,영남면,관내사전투표,455,455,data/nec_2026_official_html/4600_4612_고흥군.html
전라남도,4600,고흥군,4612,과역면,관내사전투표,1506,1506,data/nec_2026_official_html/4600_4612_고흥군.html
전라남도,4600,고흥군,4612,남양면,관내사전투표,711,711,data/nec_2026_official_html/4600_4612_고흥군.html
전라남도,4600,고흥군,4612,동강면,관내사전투표,1189,1189,data/nec_2026_official_html/4600_4612_고흥군.html
전라남도,4600,고흥군,4612,대서면,관내사전투표,990,990,data/nec_2026_official_html/4600_4612_고흥군.html
전라남도,4600,고흥군,4612,두원면,관내사전투표,1118,1118,data/nec_2026_official_html/4600_4612_고흥군.html
전라남도,4600,보성군,4613,보성읍,관내사전투표,3135,3135,data/nec_2026_official_html/4600_4613_보성군.html
전라남도,4600,보성군,4613,벌교읍,관내사전투표,3180,3180,data/nec_2026_official_html/4600_4613_보성군.html
전라남도,4600,보성군,4613,노동면,관내사전투표,476,476,data/nec_2026_official_html/4600_4613_보성군.html
전라남도,4600,보성군,4613,미력면,관내사전투표,539,539,data/nec_2026_official_html/4600_4613_보성군.html
전라남도,4600,보성군,4613,겸백면,관내사전투표,410,410,data/nec_2026_official_html/4600_4613_보성군.html
전라남도,4600,보성군,4613,율어면,관내사전투표,437,437,data/nec_2026_official_html/4600_4613_보성군.html
전라남도,4600,보성군,4613,복내면,관내사전투표,652,652,data/nec_2026_official_html/4600_4613_보성군.html
전라남도,4600,보성군,4613,문덕면,관내사전투표,352,352,data/nec_2026_official_html/4600_4613_보성군.html
전라남도,4600,보성군,4613,조성면,관내사전투표,1404,1404,data/nec_2026_official_html/4600_4613_보성군.html
전라남도,4600,보성군,4613,득량면,관내사전투표,1325,1327,data/nec_2026_official_html/4600_4613_보성군.html
전라남도,4600,보성군,4613,회천면,관내사전투표,921,921,data/nec_2026_official_html/4600_4613_보성군.html
전라남도,4600,보성군,4613,웅치면,관내사전투표,495,495,data/nec_2026_official_html/4600_4613_보성군.html
전라남도,4600,화순군,4614,화순읍,관내사전투표,7191,7188,data/nec_2026_official_html/4600_4614_화순군.html
전라남도,4600,화순군,4614,한천면,관내사전투표,264,264,data/nec_2026_official_html/4600_4614_화순군.html
전라남도,4600,화순군,4614,춘양면,관내사전투표,502,496,data/nec_2026_official_html/4600_4614_화순군.html
전라남도,4600,화순군,4614,청풍면,관내사전투표,294,294,data/nec_2026_official_html/4600_4614_화순군.html
전라남도,4600,화순군,4614,이양면,관내사전투표,578,578,data/nec_2026_official_html/4600_4614_화순군.html
전라남도,4600,화순군,4614,능주면,관내사전투표,910,910,data/nec_2026_official_html/4600_4614_화순군.html
전라남도,4600,화순군,4614,도곡면,관내사전투표,874,874,data/nec_2026_official_html/4600_4614_화순군.html
전라남도,4600,화순군,4614,도암면,관내사전투표,374,374,data/nec_2026_official_html/4600_4614_화순군.html
전라남도,4600,화순군,4614,이서면,관내사전투표,232,232,data/nec_2026_official_html/4600_4614_화순군.html
전라남도,4600,화순군,4614,백아면,관내사전투표,485,485,data/nec_2026_official_html/4600_4614_화순군.html
전라남도,4600,화순군,4614,동복면,관내사전투표,491,490,data/nec_2026_official_html/4600_4614_화순군.html
전라남도,4600,화순군,4614,사평면,관내사전투표,694,694,data/nec_2026_official_html/4600_4614_화순군.html
전라남도,4600,화순군,4614,동면,관내사전투표,919,919,data/nec_2026_official_html/4600_4614_화순군.html
전라남도,4600,장흥군,4615,장흥읍,관내사전투표,4437,4437,data/nec_2026_official_html/4600_4615_장흥군.html
전라남도,4600,장흥군,4615,관산읍,관내사전투표,1602,1602,data/nec_2026_official_html/4600_4615_장흥군.html
전라남도,4600,장흥군,4615,대덕읍,관내사전투표,982,982,data/nec_2026_official_html/4600_4615_장흥군.html
전라남도,4600,장흥군,4615,용산면,관내사전투표,827,827,data/nec_2026_official_html/4600_4615_장흥군.html
전라남도,4600,장흥군,4615,안양면,관내사전투표,907,907,data/nec_2026_official_html/4600_4615_장흥군.html
전라남도,4600,장흥군,4615,장동면,관내사전투표,393,393,data/nec_2026_official_html/4600_4615_장흥군.html
전라남도,4600,장흥군,4615,장평면,관내사전투표,735,735,data/nec_2026_official_html/4600_4615_장흥군.html
전라남도,4600,장흥군,4615,유치면,관내사전투표,327,327,data/nec_2026_official_html/4600_4615_장흥군.html
전라남도,4600,장흥군,4615,부산면,관내사전투표,507,507,data/nec_2026_official_html/4600_4615_장흥군.html
전라남도,4600,장흥군,4615,회진면,관내사전투표,1125,1124,data/nec_2026_official_html/4600_4615_장흥군.html
전라남도,4600,강진군,4616,강진읍,관내사전투표,4081,4078,data/nec_2026_official_html/4600_4616_강진군.html
전라남도,4600,강진군,4616,군동면,관내사전투표,1232,1230,data/nec_2026_official_html/4600_4616_강진군.html
전라남도,4600,강진군,4616,칠량면,관내사전투표,828,828,data/nec_2026_official_html/4600_4616_강진군.html
전라남도,4600,강진군,4616,대구면,관내사전투표,467,467,data/nec_2026_official_html/4600_4616_강진군.html
전라남도,4600,강진군,4616,마량면,관내사전투표,728,728,data/nec_2026_official_html/4600_4616_강진군.html
전라남도,4600,강진군,4616,도암면,관내사전투표,857,857,data/nec_2026_official_html/4600_4616_강진군.html
전라남도,4600,강진군,4616,신전면,관내사전투표,733,733,data/nec_2026_official_html/4600_4616_강진군.html
전라남도,4600,강진군,4616,성전면,관내사전투표,1222,1221,data/nec_2026_official_html/4600_4616_강진군.html
전라남도,4600,강진군,4616,작천면,관내사전투표,688,688,data/nec_2026_official_html/4600_4616_강진군.html
전라남도,4600,강진군,4616,병영면,관내사전투표,654,654,data/nec_2026_official_html/4600_4616_강진군.html
전라남도,4600,강진군,4616,옴천면,관내사전투표,225,225,data/nec_2026_official_html/4600_4616_강진군.html
전라남도,4600,완도군,4617,완도읍,관내사전투표,5382,5382,data/nec_2026_official_html/4600_4617_완도군.html
전라남도,4600,완도군,4617,금일읍,관내사전투표,1152,1152,data/nec_2026_official_html/4600_4617_완도군.html
전라남도,4600,완도군,4617,노화읍,관내사전투표,1576,1576,data/nec_2026_official_html/4600_4617_완도군.html
전라남도,4600,완도군,4617,군외면,관내사전투표,1064,1064,data/nec_2026_official_html/4600_4617_완도군.html
전라남도,4600,완도군,4617,신지면,관내사전투표,1324,1321,data/nec_2026_official_html/4600_4617_완도군.html
전라남도,4600,완도군,4617,고금면,관내사전투표,1703,1703,data/nec_2026_official_html/4600_4617_완도군.html
전라남도,4600,완도군,4617,약산면,관내사전투표,728,729,data/nec_2026_official_html/4600_4617_완도군.html
전라남도,4600,완도군,4617,청산면,관내사전투표,671,670,data/nec_2026_official_html/4600_4617_완도군.html
전라남도,4600,완도군,4617,소안면,관내사전투표,988,988,data/nec_2026_official_html/4600_4617_완도군.html
전라남도,4600,완도군,4617,금당면,관내사전투표,442,442,data/nec_2026_official_html/4600_4617_완도군.html
전라남도,4600,완도군,4617,보길면,관내사전투표,987,987,data/nec_2026_official_html/4600_4617_완도군.html
전라남도,4600,완도군,4617,생일면,관내사전투표,322,322,data/nec_2026_official_html/4600_4617_완도군.html
전라남도,4600,해남군,4618,해남읍,관내사전투표,5014,5011,data/nec_2026_official_html/4600_4618_해남군.html
전라남도,4600,해남군,4618,삼산면,관내사전투표,879,879,data/nec_2026_official_html/4600_4618_해남군.html
전라남도,4600,해남군,4618,화산면,관내사전투표,895,893,data/nec_2026_official_html/4600_4618_해남군.html
전라남도,4600,해남군,4618,현산면,관내사전투표,747,747,data/nec_2026_official_html/4600_4618_해남군.html
전라남도,4600,해남군,4618,송지면,관내사전투표,1490,1490,data/nec_2026_official_html/4600_4618_해남군.html
전라남도,4600,해남군,4618,북평면,관내사전투표,861,861,data/nec_2026_official_html/4600_4618_해남군.html
전라남도,4600,해남군,4618,북일면,관내사전투표,684,684,data/nec_2026_official_html/4600_4618_해남군.html
전라남도,4600,해남군,4618,옥천면,관내사전투표,907,906,data/nec_2026_official_html/4600_4618_해남군.html
전라남도,4600,해남군,4618,계곡면,관내사전투표,704,704,data/nec_2026_official_html/4600_4618_해남군.html
전라남도,4600,해남군,4618,마산면,관내사전투표,682,681,data/nec_2026_official_html/4600_4618_해남군.html
전라남도,4600,해남군,4618,황산면,관내사전투표,1393,1392,data/nec_2026_official_html/4600_4618_해남군.html
전라남도,4600,해남군,4618,산이면,관내사전투표,911,910,data/nec_2026_official_html/4600_4618_해남군.html
전라남도,4600,해남군,4618,문내면,관내사전투표,1408,1408,data/nec_2026_official_html/4600_4618_해남군.html
전라남도,4600,해남군,4618,화원면,관내사전투표,1110,1110,data/nec_2026_official_html/4600_4618_해남군.html
전라남도,4600,진도군,4619,진도읍,관내사전투표,3892,3889,data/nec_2026_official_html/4600_4619_진도군.html
전라남도,4600,진도군,4619,군내면,관내사전투표,1664,1663,data/nec_2026_official_html/4600_4619_진도군.html
전라남도,4600,진도군,4619,고군면,관내사전투표,1374,1374,data/nec_2026_official_html/4600_4619_진도군.html
전라남도,4600,진도군,4619,의신면,관내사전투표,1513,1513,data/nec_2026_official_html/4600_4619_진도군.html
전라남도,4600,진도군,4619,임회면,관내사전투표,1255,1255,data/nec_2026_official_html/4600_4619_진도군.html
전라남도,4600,진도군,4619,지산면,관내사전투표,1147,1147,data/nec_2026_official_html/4600_4619_진도군.html
전라남도,4600,진도군,4619,조도면,관내사전투표,647,647,data/nec_2026_official_html/4600_4619_진도군.html
전라남도,4600,영암군,4620,영암읍,관내사전투표,2559,2557,data/nec_2026_official_html/4600_4620_영암군.html
전라남도,4600,영암군,4620,삼호읍,관내사전투표,3303,3302,data/nec_2026_official_html/4600_4620_영암군.html
전라남도,4600,영암군,4620,덕진면,관내사전투표,627,627,data/nec_2026_official_html/4600_4620_영암군.html
전라남도,4600,영암군,4620,금정면,관내사전투표,839,839,data/nec_2026_official_html/4600_4620_영암군.html
전라남도,4600,영암군,4620,신북면,관내사전투표,1382,1380,data/nec_2026_official_html/4600_4620_영암군.html
전라남도,4600,영암군,4620,시종면,관내사전투표,1199,1199,data/nec_2026_official_html/4600_4620_영암군.html
전라남도,4600,영암군,4620,도포면,관내사전투표,621,620,data/nec_2026_official_html/4600_4620_영암군.html
전라남도,4600,영암군,4620,군서면,관내사전투표,933,933,data/nec_2026_official_html/4600_4620_영암군.html
전라남도,4600,영암군,4620,서호면,관내사전투표,610,610,data/nec_2026_official_html/4600_4620_영암군.html
전라남도,4600,영암군,4620,학산면,관내사전투표,1374,1374,data/nec_2026_official_html/4600_4620_영암군.html
전라남도,4600,영암군,4620,미암면,관내사전투표,540,540,data/nec_2026_official_html/4600_4620_영암군.html
전라남도,4600,무안군,4621,무안읍,관내사전투표,3679,3678,data/nec_2026_official_html/4600_4621_무안군.html
전라남도,4600,무안군,4621,일로읍,관내사전투표,2525,2523,data/nec_2026_official_html/4600_4621_무안군.html
전라남도,4600,무안군,4621,삼향읍,관내사전투표,4621,4621,data/nec_2026_official_html/4600_4621_무안군.html
전라남도,4600,무안군,4621,몽탄면,관내사전투표,878,878,data/nec_2026_official_html/4600_4621_무안군.html
전라남도,4600,무안군,4621,청계면,관내사전투표,1621,1619,data/nec_2026_official_html/4600_4621_무안군.html
전라남도,4600,무안군,4621,현경면,관내사전투표,1217,1217,data/nec_2026_official_html/4600_4621_무안군.html
전라남도,4600,무안군,4621,망운면,관내사전투표,550,550,data/nec_2026_official_html/4600_4621_무안군.html
전라남도,4600,무안군,4621,해제면,관내사전투표,1935,1935,data/nec_2026_official_html/4600_4621_무안군.html
전라남도,4600,무안군,4621,운남면,관내사전투표,832,832,data/nec_2026_official_html/4600_4621_무안군.html
전라남도,4600,영광군,4622,영광읍,관내사전투표,5367,5364,data/nec_2026_official_html/4600_4622_영광군.html
전라남도,4600,영광군,4622,백수읍,관내사전투표,1419,1417,data/nec_2026_official_html/4600_4622_영광군.html
전라남도,4600,영광군,4622,홍농읍,관내사전투표,2085,2084,data/nec_2026_official_html/4600_4622_영광군.html
전라남도,4600,영광군,4622,대마면,관내사전투표,656,656,data/nec_2026_official_html/4600_4622_영광군.html
전라남도,4600,영광군,4622,묘량면,관내사전투표,684,683,data/nec_2026_official_html/4600_4622_영광군.html
전라남도,4600,영광군,4622,불갑면,관내사전투표,657,656,data/nec_2026_official_html/4600_4622_영광군.html
전라남도,4600,영광군,4622,군서면,관내사전투표,1438,1436,data/nec_2026_official_html/4600_4622_영광군.html
전라남도,4600,영광군,4622,군남면,관내사전투표,936,935,data/nec_2026_official_html/4600_4622_영광군.html
전라남도,4600,영광군,4622,염산면,관내사전투표,1345,1344,data/nec_2026_official_html/4600_4622_영광군.html
전라남도,4600,영광군,4622,법성면,관내사전투표,1710,1706,data/nec_2026_official_html/4600_4622_영광군.html
전라남도,4600,영광군,4622,낙월면,관내사전투표,61,61,data/nec_2026_official_html/4600_4622_영광군.html
전라남도,4600,함평군,4623,함평읍,관내사전투표,2920,2919,data/nec_2026_official_html/4600_4623_함평군.html
전라남도,4600,함평군,4623,손불면,관내사전투표,1336,1335,data/nec_2026_official_html/4600_4623_함평군.html
전라남도,4600,함평군,4623,신광면,관내사전투표,709,709,data/nec_2026_official_html/4600_4623_함평군.html
전라남도,4600,함평군,4623,학교면,관내사전투표,1221,1221,data/nec_2026_official_html/4600_4623_함평군.html
전라남도,4600,함평군,4623,엄다면,관내사전투표,754,754,data/nec_2026_official_html/4600_4623_함평군.html
전라남도,4600,함평군,4623,대동면,관내사전투표,1070,1070,data/nec_2026_official_html/4600_4623_함평군.html
전라남도,4600,함평군,4623,나산면,관내사전투표,982,982,data/nec_2026_official_html/4600_4623_함평군.html
전라남도,4600,함평군,4623,해보면,관내사전투표,1122,1121,data/nec_2026_official_html/4600_4623_함평군.html
전라남도,4600,함평군,4623,월야면,관내사전투표,1245,1245,data/nec_2026_official_html/4600_4623_함평군.html
전라남도,4600,신안군,4624,지도읍,관내사전투표,2003,2002,data/nec_2026_official_html/4600_4624_신안군.html
전라남도,4600,신안군,4624,압해읍,관내사전투표,2541,2540,data/nec_2026_official_html/4600_4624_신안군.html
전라남도,4600,신안군,4624,증도면,관내사전투표,759,758,data/nec_2026_official_html/4600_4624_신안군.html
전라남도,4600,신안군,4624,임자면,관내사전투표,1283,1283,data/nec_2026_official_html/4600_4624_신안군.html
전라남도,4600,신안군,4624,자은면,관내사전투표,863,862,data/nec_2026_official_html/4600_4624_신안군.html
전라남도,4600,신안군,4624,비금면,관내사전투표,1269,1269,data/nec_2026_official_html/4600_4624_신안군.html
전라남도,4600,신안군,4624,도초면,관내사전투표,1142,1142,data/nec_2026_official_html/4600_4624_신안군.html
전라남도,4600,신안군,4624,흑산면,관내사전투표,741,741,data/nec_2026_official_html/4600_4624_신안군.html
전라남도,4600,신안군,4624,하의면,관내사전투표,642,642,data/nec_2026_official_html/4600_4624_신안군.html
전라남도,4600,신안군,4624,신의면,관내사전투표,544,544,data/nec_2026_official_html/4600_4624_신안군.html
전라남도,4600,신안군,4624,장산면,관내사전투표,658,658,data/nec_2026_official_html/4600_4624_신안군.html
전라남도,4600,신안군,4624,안좌면,관내사전투표,1060,1060,data/nec_2026_official_html/4600_4624_신안군.html
전라남도,4600,신안군,4624,팔금면,관내사전투표,486,486,data/nec_2026_official_html/4600_4624_신안군.html
전라남도,4600,신안군,4624,암태면,관내사전투표,841,841,data/nec_2026_official_html/4600_4624_신안군.html
